name,file_type.x,content_type,short_name,name_root
zeeguu_api/setup.py,py,py,setup.py,setup
zeeguu_api/tests/zeeguu_api_test/api_test_mixin.py,py,py,api_test_mixin.py,api_test_mixin
zeeguu_api/tests/zeeguu_api_test/mocks/mock_translator.py,py,py,mock_translator.py,mock_translator
zeeguu_api/tests/zeeguu_api_test/test_architectural_conventions.py,py,py,test_architectural_conventions.py,test_architectural_conventions
zeeguu_api/tests/zeeguu_api_test/test_article.py,py,py,test_article.py,test_article
zeeguu_api/tests/zeeguu_api_test/test_bookmark.py,py,py,test_bookmark.py,test_bookmark
zeeguu_api/tests/zeeguu_api_test/test_feeds.py,py,py,test_feeds.py,test_feeds
zeeguu_api/tests/zeeguu_api_test/test_possible_translations.py,py,py,test_possible_translations.py,test_possible_translations
zeeguu_api/tests/zeeguu_api_test/test_session.py,py,py,test_session.py,test_session
zeeguu_api/tests/zeeguu_api_test/test_teacher_dashboard.py,py,py,test_teacher_dashboard.py,test_teacher_dashboard
zeeguu_api/tests/zeeguu_api_test/test_translations.py,py,py,test_translations.py,test_translations
zeeguu_api/tests/zeeguu_api_test/test_user_article.py,py,py,test_user_article.py,test_user_article
zeeguu_api/tests/zeeguu_api_test/test_user_articles.py,py,py,test_user_articles.py,test_user_articles
zeeguu_api/tests/zeeguu_api_test/test_user_login.py,py,py,test_user_login.py,test_user_login
zeeguu_api/tests/zeeguu_core_test/model_test_mixin.py,py,py,model_test_mixin.py,model_test_mixin
zeeguu_api/tests/zeeguu_core_test/rules/article_rule.py,py,py,article_rule.py,article_rule
zeeguu_api/tests/zeeguu_core_test/rules/base_rule.py,py,py,base_rule.py,base_rule
zeeguu_api/tests/zeeguu_core_test/rules/bookmark_rule.py,py,py,bookmark_rule.py,bookmark_rule
zeeguu_api/tests/zeeguu_core_test/rules/cohort_rule.py,py,py,cohort_rule.py,cohort_rule
zeeguu_api/tests/zeeguu_core_test/rules/exercise_rule.py,py,py,exercise_rule.py,exercise_rule
zeeguu_api/tests/zeeguu_core_test/rules/rss_feed_rule.py,py,py,rss_feed_rule.py,rss_feed_rule
zeeguu_api/tests/zeeguu_core_test/rules/source_rule.py,py,py,source_rule.py,source_rule
zeeguu_api/tests/zeeguu_core_test/rules/text_rule.py,py,py,text_rule.py,text_rule
zeeguu_api/tests/zeeguu_core_test/rules/url_rule.py,py,py,url_rule.py,url_rule
zeeguu_api/tests/zeeguu_core_test/rules/user_article_rule.py,py,py,user_article_rule.py,user_article_rule
zeeguu_api/tests/zeeguu_core_test/rules/user_exercise_session_rule.py,py,py,user_exercise_session_rule.py,user_exercise_session_rule
zeeguu_api/tests/zeeguu_core_test/rules/user_reading_session_rule.py,py,py,user_reading_session_rule.py,user_reading_session_rule
zeeguu_api/tests/zeeguu_core_test/rules/user_rule.py,py,py,user_rule.py,user_rule
zeeguu_api/tests/zeeguu_core_test/rules/user_word_rule.py,py,py,user_word_rule.py,user_word_rule
zeeguu_api/tests/zeeguu_core_test/rules/watch_event_type_rule.py,py,py,watch_event_type_rule.py,watch_event_type_rule
zeeguu_api/tests/zeeguu_core_test/rules/watch_interaction_event_rule.py,py,py,watch_interaction_event_rule.py,watch_interaction_event_rule
zeeguu_api/tests/zeeguu_core_test/test_article.py,py,py,test_article.py,test_article
zeeguu_api/tests/zeeguu_core_test/test_bookmark.py,py,py,test_bookmark.py,test_bookmark
zeeguu_api/tests/zeeguu_core_test/test_cohort.py,py,py,test_cohort.py,test_cohort
zeeguu_api/tests/zeeguu_core_test/test_data/mocking_the_web.py,py,py,mocking_the_web.py,mocking_the_web
zeeguu_api/tests/zeeguu_core_test/test_domain.py,py,py,test_domain.py,test_domain
zeeguu_api/tests/zeeguu_core_test/test_exercise_session.py,py,py,test_exercise_session.py,test_exercise_session
zeeguu_api/tests/zeeguu_core_test/test_feed.py,py,py,test_feed.py,test_feed
zeeguu_api/tests/zeeguu_core_test/test_language.py,py,py,test_language.py,test_language
zeeguu_api/tests/zeeguu_core_test/test_localized_topic.py,py,py,test_localized_topic.py,test_localized_topic
zeeguu_api/tests/zeeguu_core_test/test_logging.py,py,py,test_logging.py,test_logging
zeeguu_api/tests/zeeguu_core_test/test_reading_session.py,py,py,test_reading_session.py,test_reading_session
zeeguu_api/tests/zeeguu_core_test/test_retrieve_and_compute.py,py,py,test_retrieve_and_compute.py,test_retrieve_and_compute
zeeguu_api/tests/zeeguu_core_test/test_text.py,py,py,test_text.py,test_text
zeeguu_api/tests/zeeguu_core_test/test_url.py,py,py,test_url.py,test_url
zeeguu_api/tests/zeeguu_core_test/test_user_article.py,py,py,test_user_article.py,test_user_article
zeeguu_api/tests/zeeguu_core_test/test_user_preferences.py,py,py,test_user_preferences.py,test_user_preferences
zeeguu_api/tests/zeeguu_core_test/test_user_word.py,py,py,test_user_word.py,test_user_word
zeeguu_api/tests/zeeguu_core_test/test_user.py,py,py,test_user.py,test_user
zeeguu_api/tests/zeeguu_core_test/test_watch_event.py,py,py,test_watch_event.py,test_watch_event
zeeguu_api/tests/zeeguu_core_test/test_words_exercise_stats.py,py,py,test_words_exercise_stats.py,test_words_exercise_stats
zeeguu_api/tests/zeeguu_core_test/test_words_to_study.py,py,py,test_words_to_study.py,test_words_to_study
zeeguu_api/tests/zeeguu_core_test/tests_difficulty_estimator_strategies/test_default_difficulty_estimator.py,py,py,test_default_difficulty_estimator.py,test_default_difficulty_estimator
zeeguu_api/tests/zeeguu_core_test/tests_difficulty_estimator_strategies/test_flesch_kincaid_difficulty_estimator.py,py,py,test_flesch_kincaid_difficulty_estimator.py,test_flesch_kincaid_difficulty_estimator
zeeguu_api/tests/zeeguu_core_test/tests_difficulty_estimator_strategies/test_frequency_difficulty_estimator.py,py,py,test_frequency_difficulty_estimator.py,test_frequency_difficulty_estimator
zeeguu_api/tools/_playground.py,py,py,_playground.py,_playground
zeeguu_api/tools/add_all_cohorts_to_teacher.py,py,py,add_all_cohorts_to_teacher.py,add_all_cohorts_to_teacher
zeeguu_api/tools/add_article_id_to_text.py,py,py,add_article_id_to_text.py,add_article_id_to_text
zeeguu_api/tools/add_rssfeed.py,py,py,add_rssfeed.py,add_rssfeed
zeeguu_api/tools/add_standard_topics.py,py,py,add_standard_topics.py,add_standard_topics
zeeguu_api/tools/anonimize_users.py,py,py,anonimize_users.py,anonimize_users
zeeguu_api/tools/article_crawler.py,py,py,article_crawler.py,article_crawler
zeeguu_api/tools/bookmark_info.py,py,py,bookmark_info.py,bookmark_info
zeeguu_api/tools/bookmark_priorities_for_user.py,py,py,bookmark_priorities_for_user.py,bookmark_priorities_for_user
zeeguu_api/tools/cleanup_non_content_bits.py,py,py,cleanup_non_content_bits.py,cleanup_non_content_bits
zeeguu_api/tools/consolidate_accounts.py,py,py,consolidate_accounts.py,consolidate_accounts
zeeguu_api/tools/delete_bookmark.py,py,py,delete_bookmark.py,delete_bookmark
zeeguu_api/tools/delete_feed.py,py,py,delete_feed.py,delete_feed
zeeguu_api/tools/exercise_analysis.py,py,py,exercise_analysis.py,exercise_analysis
zeeguu_api/tools/feed_info.py,py,py,feed_info.py,feed_info
zeeguu_api/tools/feed_retrieval.py,py,py,feed_retrieval.py,feed_retrieval
zeeguu_api/tools/fill_article_ids.py,py,py,fill_article_ids.py,fill_article_ids
zeeguu_api/tools/fill_historical_exercise_sessions.py,py,py,fill_historical_exercise_sessions.py,fill_historical_exercise_sessions
zeeguu_api/tools/fill_historical_reading_sessions.py,py,py,fill_historical_reading_sessions.py,fill_historical_reading_sessions
zeeguu_api/tools/find_broken_articles.py,py,py,find_broken_articles.py,find_broken_articles
zeeguu_api/tools/fix_bookmark_learned_status.py,py,py,fix_bookmark_learned_status.py,fix_bookmark_learned_status
zeeguu_api/tools/fix_bookmark_priorities.py,py,py,fix_bookmark_priorities.py,fix_bookmark_priorities
zeeguu_api/tools/flatten_unicode_characters.py,py,py,flatten_unicode_characters.py,flatten_unicode_characters
zeeguu_api/tools/forget_user.py,py,py,forget_user.py,forget_user
zeeguu_api/tools/learner_level.py,py,py,learner_level.py,learner_level
zeeguu_api/tools/map_article_words.py,py,py,map_article_words.py,map_article_words
zeeguu_api/tools/migrate_starredarticle_2_userarticle.py,py,py,migrate_starredarticle_2_userarticle.py,migrate_starredarticle_2_userarticle
zeeguu_api/tools/migrations/add_icon_name_to_rss_feed.py,py,py,add_icon_name_to_rss_feed.py,add_icon_name_to_rss_feed
zeeguu_api/tools/migrations/fix_text_duplications.py,py,py,fix_text_duplications.py,fix_text_duplications
zeeguu_api/tools/migrations/migrate_passwords.py,py,py,migrate_passwords.py,migrate_passwords
zeeguu_api/tools/migrations/migrate_user_languages.py,py,py,migrate_user_languages.py,migrate_user_languages
zeeguu_api/tools/migrations/redo_hash.py,py,py,redo_hash.py,redo_hash
zeeguu_api/tools/migrations/teacher_dashboard_migration_1/downgrade.py,py,py,downgrade.py,downgrade
zeeguu_api/tools/migrations/teacher_dashboard_migration_1/upgrade.py,py,py,upgrade.py,upgrade
zeeguu_api/tools/migrations/towards_single_translation.py,py,py,towards_single_translation.py,towards_single_translation
zeeguu_api/tools/mysql_to_elastic.py,py,py,mysql_to_elastic.py,mysql_to_elastic
zeeguu_api/tools/past_exercises_for_user.py,py,py,past_exercises_for_user.py,past_exercises_for_user
zeeguu_api/tools/recompute_fk_difficulties_for_polish.py,py,py,recompute_fk_difficulties_for_polish.py,recompute_fk_difficulties_for_polish
zeeguu_api/tools/recompute_recommender_cache.py,py,py,recompute_recommender_cache.py,recompute_recommender_cache
zeeguu_api/tools/remove_unreferenced_articles.py,py,py,remove_unreferenced_articles.py,remove_unreferenced_articles
zeeguu_api/tools/saturate_word_interaction_history.py,py,py,saturate_word_interaction_history.py,saturate_word_interaction_history
zeeguu_api/tools/tag_existing_articles.py,py,py,tag_existing_articles.py,tag_existing_articles
zeeguu_api/tools/tag_topics_in_danish.py,py,py,tag_topics_in_danish.py,tag_topics_in_danish
zeeguu_api/tools/update_feed.py,py,py,update_feed.py,update_feed
zeeguu_api/tools/update_particular_tag.py,py,py,update_particular_tag.py,update_particular_tag
zeeguu_api/tools/users_recently_active.py,py,py,users_recently_active.py,users_recently_active
zeeguu_api/zeeguu_api/__main__.py,py,py,__main__.py,__main__
zeeguu_api/zeeguu_api/api/__init__.py,py,py,__init__.py,__init__
zeeguu_api/zeeguu_api/api/accounts.py,py,py,accounts.py,accounts
zeeguu_api/zeeguu_api/api/activity_tracking.py,py,py,activity_tracking.py,activity_tracking
zeeguu_api/zeeguu_api/api/article.py,py,py,article.py,article
zeeguu_api/zeeguu_api/api/bookmarks_and_words.py,py,py,bookmarks_and_words.py,bookmarks_and_words
zeeguu_api/zeeguu_api/api/exercises.py,py,py,exercises.py,exercises
zeeguu_api/zeeguu_api/api/feature_toggles.py,py,py,feature_toggles.py,feature_toggles
zeeguu_api/zeeguu_api/api/feeds.py,py,py,feeds.py,feeds
zeeguu_api/zeeguu_api/api/own_texts.py,py,py,own_texts.py,own_texts
zeeguu_api/zeeguu_api/api/recommendations.py,py,py,recommendations.py,recommendations
zeeguu_api/zeeguu_api/api/search.py,py,py,search.py,search
zeeguu_api/zeeguu_api/api/sessions.py,py,py,sessions.py,sessions
zeeguu_api/zeeguu_api/api/smartwatch.py,py,py,smartwatch.py,smartwatch
zeeguu_api/zeeguu_api/api/speech.py,py,py,speech.py,speech
zeeguu_api/zeeguu_api/api/student.py,py,py,student.py,student
zeeguu_api/zeeguu_api/api/system_languages.py,py,py,system_languages.py,system_languages
zeeguu_api/zeeguu_api/api/teacher_dashboard/__init__.py,py,py,__init__.py,__init__
zeeguu_api/zeeguu_api/api/teacher_dashboard/article_management.py,py,py,article_management.py,article_management
zeeguu_api/zeeguu_api/api/teacher_dashboard/cohorts.py,py,py,cohorts.py,cohorts
zeeguu_api/zeeguu_api/api/teacher_dashboard/decorator.py,py,py,decorator.py,decorator
zeeguu_api/zeeguu_api/api/teacher_dashboard/general.py,py,py,general.py,general
zeeguu_api/zeeguu_api/api/teacher_dashboard/helpers.py,py,py,helpers.py,helpers
zeeguu_api/zeeguu_api/api/teacher_dashboard/permissions.py,py,py,permissions.py,permissions
zeeguu_api/zeeguu_api/api/teacher_dashboard/student.py,py,py,student.py,student
zeeguu_api/zeeguu_api/api/topics.py,py,py,topics.py,topics
zeeguu_api/zeeguu_api/api/translate_and_bookmark.py,py,py,translate_and_bookmark.py,translate_and_bookmark
zeeguu_api/zeeguu_api/api/translator.py,py,py,translator.py,translator
zeeguu_api/zeeguu_api/api/user_article.py,py,py,user_article.py,user_article
zeeguu_api/zeeguu_api/api/user_articles.py,py,py,user_articles.py,user_articles
zeeguu_api/zeeguu_api/api/user_languages.py,py,py,user_languages.py,user_languages
zeeguu_api/zeeguu_api/api/user_statistics.py,py,py,user_statistics.py,user_statistics
zeeguu_api/zeeguu_api/api/user.py,py,py,user.py,user
zeeguu_api/zeeguu_api/api/utils/feedparser_extensions.py,py,py,feedparser_extensions.py,feedparser_extensions
zeeguu_api/zeeguu_api/api/utils/json_result.py,py,py,json_result.py,json_result
zeeguu_api/zeeguu_api/api/utils/route_wrappers.py,py,py,route_wrappers.py,route_wrappers
zeeguu_api/zeeguu_api/app.py,py,py,app.py,app
zeeguu_api/zeeguu_core/account_management/user_account_creation.py,py,py,user_account_creation.py,user_account_creation
zeeguu_api/zeeguu_core/bookmark_quality/__init__.py,py,py,__init__.py,__init__
zeeguu_api/zeeguu_core/bookmark_quality/fit_for_study.py,py,py,fit_for_study.py,fit_for_study
zeeguu_api/zeeguu_core/bookmark_quality/negative_qualities.py,py,py,negative_qualities.py,negative_qualities
zeeguu_api/zeeguu_core/bookmark_quality/positive_qualities.py,py,py,positive_qualities.py,positive_qualities
zeeguu_api/zeeguu_core/bookmark_quality/top_bookmarks_for_user.py,py,py,top_bookmarks_for_user.py,top_bookmarks_for_user
zeeguu_api/zeeguu_core/configuration/__init__.py,py,py,__init__.py,__init__
zeeguu_api/zeeguu_core/configuration/configuration.py,py,py,configuration.py,configuration
zeeguu_api/zeeguu_core/content_recommender/__init__.py,py,py,__init__.py,__init__
zeeguu_api/zeeguu_core/content_recommender/elastic_first_recommender.py,py,py,elastic_first_recommender.py,elastic_first_recommender
zeeguu_api/zeeguu_core/content_recommender/elastic_recommender.py,py,py,elastic_recommender.py,elastic_recommender
zeeguu_api/zeeguu_core/content_recommender/mixed_recommender.py,py,py,mixed_recommender.py,mixed_recommender
zeeguu_api/zeeguu_core/content_retriever/article_downloader.py,py,py,article_downloader.py,article_downloader
zeeguu_api/zeeguu_core/content_retriever/content_cleaner.py,py,py,content_cleaner.py,content_cleaner
zeeguu_api/zeeguu_core/content_retriever/quality_filter.py,py,py,quality_filter.py,quality_filter
zeeguu_api/zeeguu_core/crowd_translations/__init__.py,py,py,__init__.py,__init__
zeeguu_api/zeeguu_core/definition_of_learned/__init__.py,py,py,__init__.py,__init__
zeeguu_api/zeeguu_core/elastic/converting_from_mysql.py,py,py,converting_from_mysql.py,converting_from_mysql
zeeguu_api/zeeguu_core/elastic/elastic_query_builder.py,py,py,elastic_query_builder.py,elastic_query_builder
zeeguu_api/zeeguu_core/emailer/password_reset.py,py,py,password_reset.py,password_reset
zeeguu_api/zeeguu_core/emailer/user_activity.py,py,py,user_activity.py,user_activity
zeeguu_api/zeeguu_core/emailer/zeeguu_mailer.py,py,py,zeeguu_mailer.py,zeeguu_mailer
zeeguu_api/zeeguu_core/exercises/similar_words.py,py,py,similar_words.py,similar_words
zeeguu_api/zeeguu_core/language/difficulty_estimator_strategy.py,py,py,difficulty_estimator_strategy.py,difficulty_estimator_strategy
zeeguu_api/zeeguu_core/language/strategies/cognacy_difficulty_estimator.py,py,py,cognacy_difficulty_estimator.py,cognacy_difficulty_estimator
zeeguu_api/zeeguu_core/language/strategies/cognacy_wh_difficulty_estimator.py,py,py,cognacy_wh_difficulty_estimator.py,cognacy_wh_difficulty_estimator
zeeguu_api/zeeguu_core/language/strategies/default_difficulty_estimator.py,py,py,default_difficulty_estimator.py,default_difficulty_estimator
zeeguu_api/zeeguu_core/language/strategies/flesch_kincaid_difficulty_estimator.py,py,py,flesch_kincaid_difficulty_estimator.py,flesch_kincaid_difficulty_estimator
zeeguu_api/zeeguu_core/language/strategies/frequency_difficulty_estimator.py,py,py,frequency_difficulty_estimator.py,frequency_difficulty_estimator
zeeguu_api/zeeguu_core/language/strategies/word_history_difficulty_estimator.py,py,py,word_history_difficulty_estimator.py,word_history_difficulty_estimator
zeeguu_api/zeeguu_core/language/strategies/word_rank_difficulty_estimator.py,py,py,word_rank_difficulty_estimator.py,word_rank_difficulty_estimator
zeeguu_api/zeeguu_core/model/__init__.py,py,py,__init__.py,__init__
zeeguu_api/zeeguu_core/model/article_word.py,py,py,article_word.py,article_word
zeeguu_api/zeeguu_core/model/article.py,py,py,article.py,article
zeeguu_api/zeeguu_core/model/articles_cache.py,py,py,articles_cache.py,articles_cache
zeeguu_api/zeeguu_core/model/bookmark_priority_arts.py,py,py,bookmark_priority_arts.py,bookmark_priority_arts
zeeguu_api/zeeguu_core/model/bookmark.py,py,py,bookmark.py,bookmark
zeeguu_api/zeeguu_core/model/cohort_article_map.py,py,py,cohort_article_map.py,cohort_article_map
zeeguu_api/zeeguu_core/model/cohort.py,py,py,cohort.py,cohort
zeeguu_api/zeeguu_core/model/domain_name.py,py,py,domain_name.py,domain_name
zeeguu_api/zeeguu_core/model/exercise_outcome.py,py,py,exercise_outcome.py,exercise_outcome
zeeguu_api/zeeguu_core/model/exercise_source.py,py,py,exercise_source.py,exercise_source
zeeguu_api/zeeguu_core/model/exercise.py,py,py,exercise.py,exercise
zeeguu_api/zeeguu_core/model/feed_registrations.py,py,py,feed_registrations.py,feed_registrations
zeeguu_api/zeeguu_core/model/feed.py,py,py,feed.py,feed
zeeguu_api/zeeguu_core/model/language.py,py,py,language.py,language
zeeguu_api/zeeguu_core/model/learner_stats/encounter_stats_update.py,py,py,encounter_stats_update.py,encounter_stats_update
zeeguu_api/zeeguu_core/model/learner_stats/encounter_stats.py,py,py,encounter_stats.py,encounter_stats
zeeguu_api/zeeguu_core/model/learner_stats/exercise_stats.py,py,py,exercise_stats.py,exercise_stats
zeeguu_api/zeeguu_core/model/learner_stats/learner_stats.py,py,py,learner_stats.py,learner_stats
zeeguu_api/zeeguu_core/model/localized_topic.py,py,py,localized_topic.py,localized_topic
zeeguu_api/zeeguu_core/model/ranked_word.py,py,py,ranked_word.py,ranked_word
zeeguu_api/zeeguu_core/model/search_filter.py,py,py,search_filter.py,search_filter
zeeguu_api/zeeguu_core/model/search_subscription.py,py,py,search_subscription.py,search_subscription
zeeguu_api/zeeguu_core/model/search.py,py,py,search.py,search
zeeguu_api/zeeguu_core/model/session.py,py,py,session.py,session
zeeguu_api/zeeguu_core/model/smartwatch/watch_event_type.py,py,py,watch_event_type.py,watch_event_type
zeeguu_api/zeeguu_core/model/smartwatch/watch_interaction_event.py,py,py,watch_interaction_event.py,watch_interaction_event
zeeguu_api/zeeguu_core/model/SortedExerciseLog.py,py,py,SortedExerciseLog.py,SortedExerciseLog
zeeguu_api/zeeguu_core/model/starred_article.py,py,py,starred_article.py,starred_article
zeeguu_api/zeeguu_core/model/student.py,py,py,student.py,student
zeeguu_api/zeeguu_core/model/teacher_cohort_map.py,py,py,teacher_cohort_map.py,teacher_cohort_map
zeeguu_api/zeeguu_core/model/teacher.py,py,py,teacher.py,teacher
zeeguu_api/zeeguu_core/model/text.py,py,py,text.py,text
zeeguu_api/zeeguu_core/model/topic_filter.py,py,py,topic_filter.py,topic_filter
zeeguu_api/zeeguu_core/model/topic_subscription.py,py,py,topic_subscription.py,topic_subscription
zeeguu_api/zeeguu_core/model/topic.py,py,py,topic.py,topic
zeeguu_api/zeeguu_core/model/unique_code.py,py,py,unique_code.py,unique_code
zeeguu_api/zeeguu_core/model/url.py,py,py,url.py,url
zeeguu_api/zeeguu_core/model/user_activitiy_data.py,py,py,user_activitiy_data.py,user_activitiy_data
zeeguu_api/zeeguu_core/model/user_article.py,py,py,user_article.py,user_article
zeeguu_api/zeeguu_core/model/user_exercise_session.py,py,py,user_exercise_session.py,user_exercise_session
zeeguu_api/zeeguu_core/model/user_language.py,py,py,user_language.py,user_language
zeeguu_api/zeeguu_core/model/user_preference.py,py,py,user_preference.py,user_preference
zeeguu_api/zeeguu_core/model/user_reading_session.py,py,py,user_reading_session.py,user_reading_session
zeeguu_api/zeeguu_core/model/user_word.py,py,py,user_word.py,user_word
zeeguu_api/zeeguu_core/model/user.py,py,py,user.py,user
zeeguu_api/zeeguu_core/model/word_knowledge/word_interaction_history.py,py,py,word_interaction_history.py,word_interaction_history
zeeguu_api/zeeguu_core/sql/query_building.py,py,py,query_building.py,query_building
zeeguu_api/zeeguu_core/sql/teacher/teachers_for_cohort.py,py,py,teachers_for_cohort.py,teachers_for_cohort
zeeguu_api/zeeguu_core/user_activity_hooks/article_interaction_hooks.py,py,py,article_interaction_hooks.py,article_interaction_hooks
zeeguu_api/zeeguu_core/user_statistics/activity.py,py,py,activity.py,activity
zeeguu_api/zeeguu_core/user_statistics/exercise_corectness.py,py,py,exercise_corectness.py,exercise_corectness
zeeguu_api/zeeguu_core/user_statistics/exercise_sessions.py,py,py,exercise_sessions.py,exercise_sessions
zeeguu_api/zeeguu_core/user_statistics/reading_sessions.py,py,py,reading_sessions.py,reading_sessions
zeeguu_api/zeeguu_core/user_statistics/student_overview.py,py,py,student_overview.py,student_overview
zeeguu_api/zeeguu_core/util/hash.py,py,py,hash.py,hash
zeeguu_api/zeeguu_core/util/text.py,py,py,text.py,text
zeeguu_api/zeeguu_core/util/timer_logging_decorator.py,py,py,timer_logging_decorator.py,timer_logging_decorator
zeeguu_api/zeeguu_core/word_scheduling/arts/__init__.py,py,py,__init__.py,__init__
zeeguu_api/zeeguu_core/word_scheduling/arts/algorithm_wrapper.py,py,py,algorithm_wrapper.py,algorithm_wrapper
zeeguu_api/zeeguu_core/word_scheduling/arts/arts_rt.py,py,py,arts_rt.py,arts_rt
zeeguu_api/zeeguu_core/word_scheduling/arts/bookmark_priority_updater.py,py,py,bookmark_priority_updater.py,bookmark_priority_updater
zeeguu_api/zeeguu_core/word_scheduling/arts/experiments/arts_diff_fast.py,py,py,arts_diff_fast.py,arts_diff_fast
zeeguu_api/zeeguu_core/word_scheduling/arts/experiments/arts_diff_slow.py,py,py,arts_diff_slow.py,arts_diff_slow
zeeguu_api/zeeguu_core/word_scheduling/arts/experiments/arts_random.py,py,py,arts_random.py,arts_random
zeeguu_api/zeeguu_core/word_scheduling/arts/tools/algo_parameter_approximator.py,py,py,algo_parameter_approximator.py,algo_parameter_approximator
zeeguu_api/zeeguu_core/word_scheduling/arts/words_to_study.py,py,py,words_to_study.py,words_to_study
zeeguu_api/zeeguu_api/api/utils/abort_handling.py,py,py,abort_handling.py,abort_handling
zeeguu_api/zeeguu_api/cross_domain_app.py,py,py,cross_domain_app.py,cross_domain_app
zeeguu_api/zeeguu_core/util/encoding.py,py,py,encoding.py,encoding
zeeguu_api,,py,zeeguu_api,zeeguu_api
zeeguu_api/zeeguu_api,,py,zeeguu_api,zeeguu_api
zeeguu_api/tests/zeeguu_api_test/test_user_data.py,py,py,test_user_data.py,test_user_data
zeeguu_api/tests/zeeguu_core_test/test_data,,py,test_data,test_data
zeeguu_api/zeeguu_core,,py,zeeguu_core,zeeguu_core
zeeguu_api/tests/zeeguu_api_test/__init__.py,py,py,__init__.py,__init__
zeeguu_api/tests/zeeguu_api_test/mocks/__init__.py,py,py,__init__.py,__init__
zeeguu_api/tests/zeeguu_core_test/__init__.py,py,py,__init__.py,__init__
zeeguu_api/tests/zeeguu_core_test/rules/__init__.py,py,py,__init__.py,__init__
zeeguu_api/tests/zeeguu_core_test/test_data/__init__.py,py,py,__init__.py,__init__
zeeguu_api/tests/zeeguu_core_test/tests_difficulty_estimator_strategies/__init__.py,py,py,__init__.py,__init__
zeeguu_api/tools/__init__.py,py,py,__init__.py,__init__
zeeguu_api/zeeguu_api/__init__.py,py,py,__init__.py,__init__
zeeguu_api/zeeguu_api/api/utils/__init__.py,py,py,__init__.py,__init__
zeeguu_api/zeeguu_core/__init__.py,py,py,__init__.py,__init__
zeeguu_api/zeeguu_core/account_management/__init__.py,py,py,__init__.py,__init__
zeeguu_api/zeeguu_core/content_retriever/__init__.py,py,py,__init__.py,__init__
zeeguu_api/zeeguu_core/elastic/__init__.py,py,py,__init__.py,__init__
zeeguu_api/zeeguu_core/emailer/__init__.py,py,py,__init__.py,__init__
zeeguu_api/zeeguu_core/exercises/__init__.py,py,py,__init__.py,__init__
zeeguu_api/zeeguu_core/language/__init__.py,py,py,__init__.py,__init__
zeeguu_api/zeeguu_core/language/strategies/__init__.py,py,py,__init__.py,__init__
zeeguu_api/zeeguu_core/model/learner_stats/__init__.py,py,py,__init__.py,__init__
zeeguu_api/zeeguu_core/model/smartwatch/__init__.py,py,py,__init__.py,__init__
zeeguu_api/zeeguu_core/model/word_knowledge/__init__.py,py,py,__init__.py,__init__
zeeguu_api/zeeguu_core/sql/__init__.py,py,py,__init__.py,__init__
zeeguu_api/zeeguu_core/sql/teacher/__init__.py,py,py,__init__.py,__init__
zeeguu_api/zeeguu_core/user_activity_hooks/__init__.py,py,py,__init__.py,__init__
zeeguu_api/zeeguu_core/util/__init__.py,py,py,__init__.py,__init__
zeeguu_api/zeeguu_core/word_scheduling/__init__.py,py,py,__init__.py,__init__
zeeguu_api/zeeguu_core/word_scheduling/arts/analysis/__init__.py,py,py,__init__.py,__init__
zeeguu_api/zeeguu_core/word_scheduling/arts/experiments/__init__.py,py,py,__init__.py,__init__
zeeguu_api/zeeguu_core/word_scheduling/arts/tools/__init__.py,py,py,__init__.py,__init__
zeeguu_api/zeeguu_core/word_stats/__init__.py,py,py,__init__.py,__init__
zeeguu_api/zeeguu_core/language,,py,language,language
zeeguu_api/zeeguu_core/sql/teacher,,py,teacher,teacher
zeeguu_api/zeeguu_core/exercises,,py,exercises,exercises
zeeguu_api/zeeguu_core/word_scheduling/arts,,py,arts,arts
zeeguu_api/zeeguu_core/constants.py,py,py,constants.py,constants
zeeguu_api/zeeguu_core/word_stats,,py,word_stats,word_stats
zeeguu_api/zeeguu_core/util,,py,util,util
zeeguu_api/zeeguu_api/api,,py,api,api
zeeguu_api/zeeguu_api/api/teacher_dashboard,,py,teacher_dashboard,teacher_dashboard
zeeguu_api/zeeguu_core/model/smartwatch,,py,smartwatch,smartwatch
zeeguu_api/zeeguu_core/user_statistics,,py,user_statistics,user_statistics
zeeguu_api/zeeguu_api/custom_fmd_graphs.py,py,py,custom_fmd_graphs.py,custom_fmd_graphs
zeeguu_api/zeeguu_core/model,,py,model,model
zeeguu_api/zeeguu_core/configuration,,py,configuration,configuration
zeeguu_api/zeeguu_core/definition_of_learned/is_learned.py,py,py,is_learned.py,is_learned
zeeguu_api/zeeguu_core/emailer,,py,emailer,emailer
requirements.txt/pip/nltk,,,,
requirements.txt/pip/requests_mock,,,,
requirements.txt/pip/Faker,,,,
requirements.txt/pip/elasticsearch,,,,
requirements.txt/pip/sortedcontainers,,,,
requirements.txt/pip/flask,,,,
requirements.txt/pip/lxml,,,,
requirements.txt/pip/flask_cors,,,,
requirements.txt/pip/requests,,,,
requirements.txt/pip/deprecated,,,,
requirements.txt/pip/numpy,,,,
requirements.txt/pip/pyphen,,,,
requirements.txt/pip/flask_sqlalchemy,,,,
requirements.txt/pip/langdetect,,,,
requirements.txt/pip/regex,,,,
requirements.txt,,,,
requirements.txt/pip,,,,
requirements.txt/pip/beautifulsoup4,,,,
requirements.txt/pip/blinker,,,,
requirements.txt/pip/Flask-Assets,,,,
requirements.txt/pip/jieba3k,,,,
requirements.txt/pip/jinja2==2.11.3,,,,
requirements.txt/pip/mysqlclient,,,,
requirements.txt/pip/newspaper3k==0.2.7,,,,
requirements.txt/pip/Pillow,,,,
requirements.txt/pip/sentry-sdk[flask],,,,
requirements.txt/pip/SQLAlchemy==1.3.20,,,,
requirements.txt/pip/google-cloud-texttospeech==2.3.0,,,,
requirements.txt/github.com,,,,
requirements.txt/github.com/zeeguu-ecosystem,,,,
requirements.txt/github.com/zeeguu-ecosystem/apimux,,,,
requirements.txt/github.com/zeeguu-ecosystem/Python-Translators,,,,
requirements.txt/github.com/zeeguu-ecosystem/Python-Wordstats,,,,
zeeguu_api/env_var_defs_default.py,py,py,env_var_defs_default.py,env_var_defs_default
zeeguu_api/tests,,py,tests,tests
zeeguu_api/tests/zeeguu_api_test,,py,zeeguu_api_test,zeeguu_api_test
zeeguu_api/tests/zeeguu_api_test/mocks,,py,mocks,mocks
zeeguu_api/tests/zeeguu_api_test/test_smartwatch_events.py,py,py,test_smartwatch_events.py,test_smartwatch_events
zeeguu_api/tests/zeeguu_api_test/test_system_settings.py,py,py,test_system_settings.py,test_system_settings
zeeguu_api/tests/zeeguu_api_test/test_user_languages.py,py,py,test_user_languages.py,test_user_languages
zeeguu_api/tests/zeeguu_core_test,,py,zeeguu_core_test,zeeguu_core_test
zeeguu_api/tests/zeeguu_core_test/rules,,py,rules,rules
zeeguu_api/tests/zeeguu_core_test/rules/language_rule.py,py,py,language_rule.py,language_rule
zeeguu_api/tests/zeeguu_core_test/rules/outcome_rule.py,py,py,outcome_rule.py,outcome_rule
zeeguu_api/tests/zeeguu_core_test/test_difficulty_estimator_factory.py,py,py,test_difficulty_estimator_factory.py,test_difficulty_estimator_factory
zeeguu_api/tests/zeeguu_core_test/testing_data.py,py,py,testing_data.py,testing_data
zeeguu_api/tests/zeeguu_core_test/tests_difficulty_estimator_strategies,,py,tests_difficulty_estimator_strategies,tests_difficulty_estimator_strategies
zeeguu_api/tools,,py,tools,tools
zeeguu_api/tools/migrations,,py,migrations,migrations
zeeguu_api/tools/migrations/teacher_dashboard_migration_1,,py,teacher_dashboard_migration_1,teacher_dashboard_migration_1
zeeguu_api/tools/vis,,py,vis,vis
zeeguu_api/tools/vis/generate-matrix-vis.py,py,py,generate-matrix-vis.py,generate-matrix-vis
zeeguu_api/zeeguu_api/api/utils,,py,utils,utils
zeeguu_api/zeeguu_core/account_management,,py,account_management,account_management
zeeguu_api/zeeguu_core/bookmark_quality,,py,bookmark_quality,bookmark_quality
zeeguu_api/zeeguu_core/content_recommender,,py,content_recommender,content_recommender
zeeguu_api/zeeguu_core/content_retriever,,py,content_retriever,content_retriever
zeeguu_api/zeeguu_core/content_retriever/unicode_normalization.py,py,py,unicode_normalization.py,unicode_normalization
zeeguu_api/zeeguu_core/crowd_translations,,py,crowd_translations,crowd_translations
zeeguu_api/zeeguu_core/definition_of_learned,,py,definition_of_learned,definition_of_learned
zeeguu_api/zeeguu_core/elastic,,py,elastic,elastic
zeeguu_api/zeeguu_core/elastic/settings.py,py,py,settings.py,settings
zeeguu_api/zeeguu_core/language/difficulty_estimator_factory.py,py,py,difficulty_estimator_factory.py,difficulty_estimator_factory
zeeguu_api/zeeguu_core/language/strategies,,py,strategies,strategies
zeeguu_api/zeeguu_core/model/learner_stats,,py,learner_stats,learner_stats
zeeguu_api/zeeguu_core/model/word_knowledge,,py,word_knowledge,word_knowledge
zeeguu_api/zeeguu_core/sql,,py,sql,sql
zeeguu_api/zeeguu_core/user_activity_hooks,,py,user_activity_hooks,user_activity_hooks
zeeguu_api/zeeguu_core/word_scheduling,,py,word_scheduling,word_scheduling
zeeguu_api/zeeguu_core/word_scheduling/arts/ab_testing.py,py,py,ab_testing.py,ab_testing
zeeguu_api/zeeguu_core/word_scheduling/arts/analysis,,py,analysis,analysis
zeeguu_api/zeeguu_core/word_scheduling/arts/analysis/normal_distribution.py,py,py,normal_distribution.py,normal_distribution
zeeguu_api/zeeguu_core/word_scheduling/arts/arts_base.py,py,py,arts_base.py,arts_base
zeeguu_api/zeeguu_core/word_scheduling/arts/experiments,,py,experiments,experiments
zeeguu_api/zeeguu_core/word_scheduling/arts/tools,,py,tools,tools
